CREATE TABLE users (
	userID INTEGER NOT NULL PRIMARY KEY,
	username VARCHAR(100),
    hashPassword VARCHAR(100),
    firstName VARCHAR(100),
	lastName VARCHAR(100),
	dateOfBirth DATE,
    avatarImage VARCHAR(50),
    authToken VARCHAR(128),
    adminstratorLevel INTEGER DEFAULT 0,
    introduction VARCHAR(500)
	);
INSERT INTO "users" VALUES(1,'XeroFounder','$2b$10$XTa37RWjSnaO87oB1udvueZW0w6cj/l3KjTI4Yled0miNpoiWoTqq','Rodney','Drury','1967-06-23','01','',0,'');
INSERT INTO "users" VALUES(2,'salesForceField','$2b$10$XTa37RWjSnaO87oB1udvueZW0w6cj/l3KjTI4Yled0miNpoiWoTqq','Marc','Benioff','1964-09-25','02',NULL,0,'I made sales force and lots of $');
INSERT INTO "users" VALUES(3,'datacomDude','$2b$10$XTa37RWjSnaO87oB1udvueZW0w6cj/l3KjTI4Yled0miNpoiWoTqq','Bernard','Battersby','1990-01-01','03','',0,'this user does not yet have an introduction');
INSERT INTO "users" VALUES(4,'enigmaCracker','$2b$10$rQAvdV7Ka58JUxUx5siKsusBcEF71QDmfsChx6B39reCfD2.FdxbS','Alan','Turing','1912-06-23','01','780005a1-b8c4-42e3-86d7-34722f6d9cb3',0,'');
INSERT INTO "users" VALUES(5,'theAdmiral','$2b$10$rQAvdV7Ka58JUxUx5siKsusBcEF71QDmfsChx6B39reCfD2.FdxbS','Grace','Hopper','1906-12-09','02',NULL,0,'');
INSERT INTO "users" VALUES(6,'don','$2b$10$XTa37RWjSnaO87oB1udvueZW0w6cj/l3KjTI4Yled0miNpoiWoTqq','Donald','Knuth','1938-01-10','03',NULL,0,'');
INSERT INTO "users" VALUES(7,'SerkoGetsYouThere','$2b$10$XTa37RWjSnaO87oB1udvueZW0w6cj/l3KjTI4Yled0miNpoiWoTqq','Bob','Smith','1990-01-01','03',NULL,0,'this user does not yet have an introduction');
INSERT INTO "users" VALUES(8,'DoNoEvil','$2b$10$XTa37RWjSnaO87oB1udvueZW0w6cj/l3KjTI4Yled0miNpoiWoTqq','Sam','Doe','1990-01-01','03',NULL,0,'this user does not yet have an introduction');
INSERT INTO "users" VALUES(9,'Windows4Ever','$2b$10$XTa37RWjSnaO87oB1udvueZW0w6cj/l3KjTI4Yled0miNpoiWoTqq','Bill','Gates','1990-01-01','03',NULL,0,'this user does not yet have an introduction');
INSERT INTO "users" VALUES(16,'Allie','$2b$10$JrkRP.4IBLAv8Oi9TUbCmePdQF3w8wCyWBGxKYqzmVlA5/lHqMDRa','Allie','Lim','2021-05-12','16','',0,'Hello');
INSERT INTO "users" VALUES(17,'IBMwatson','$2b$10$JpIjAAOvfCuFYNtet.gZJO3wMAFK9ji0Dq3P/9kTaWp40FE5ptieG','Watson','From IBM','0001-01-01','34','',0,'sadfsadfsd');
INSERT INTO "users" VALUES(18,'Yiwei','$2b$10$ecCC4hnObTephNlI9iNLoem3OQ8Kqpw2a.ged34p4Q4LDMKlTNhEa','Yiwei','Diao','2021-06-04','15','d257f647-f223-455f-8bfc-0599028fe991',0,'What''s introduction?');
INSERT INTO "users" VALUES(19,'WatsonAtIBM','$2b$10$J1LjrVBkCTpQ8Pu/qM/sh.ZCLUzaSQzlm/H84.rzXvhnmZFgMzyiK','Watson','IBM','2021-04-07','38','',0,'I am a robot');
INSERT INTO "users" VALUES(20,'PredictHQ','$2b$10$nySg8mq1lcWJ8xTN1aP5MO0mMs4dBLjW0t8uY0hpHoD.FtWldJPKO','Predictions','ForYou','1990-01-01','04','',0,'asdf');
INSERT INTO "users" VALUES(21,'EmsisoftPwnsHackers','$2b$10$KPei4lW4ZLYaTnQObsDoDOXCBZDjnhxhqyREWCeQgshD.tyLVlAPC','Emsisoft','Owner','1980-01-01','19','',0,'1');
INSERT INTO "users" VALUES(22,'Youtuber','$2b$10$fw1XhPlK1bHJ/OnrZkLJzuCTfPpbSRNKeQud04EdYCAKxCncuatAy','you','tube','1990-01-01','01','',0,'1');
INSERT INTO "users" VALUES(23,'declan','$2b$10$tmuT6JjSLPo12o/anqHJjeP7bR8ZrkPA4T1Okcfkw0u9dPASSDKHW','Declan','W','1993-01-11','38','1dce913e-3e62-48bb-8bc3-e45a4e9c9803',0,'Auckland Uni student');
INSERT INTO "users" VALUES(24,'hols','$2b$10$d7yPfPLvzoX/3xCfn9O5Aes9URAAqWXrXPeNL47vT310PGclswOk6','Hollie','White','1994-03-20','36','e1c24cd3-e6e0-43f0-ba3f-23898e546697',0,'I''m a big fan of this website!');
INSERT INTO "users" VALUES(25,'Heyguys','$2b$10$SmjXzLl08AJAel6PhdbQi.7UbFGl0mpzlkonkWg4QC4q5eOq97eC.','Colton','Randall','2021-06-03','47','',0,'Nothing about me is interesting ');
INSERT INTO "users" VALUES(26,'banananeko','$2b$10$DLAGWBxasb/1MTM0NCaTiOxwCagO4IRDwrbT8rY.acMVu.UO9.mBG','Yiwei','Li','2021-01-01','28','51b50468-006c-4f89-936e-0f6d93047f23',0,'Hi');
INSERT INTO "users" VALUES(27,'matt','$2b$10$Rh2keOHIYt2H/p/VNoILIuxB2KzqTLzq5Avota5rNYVr4DQFy4p.e','Matthew','Ding','1997-09-14','34','',0,'PGCert fam <3');
INSERT INTO "users" VALUES(28,'Coltonrandal_HolyMoleyWhatACoolSite!','$2b$10$2GSEVrJl9dyPrxz1tMkDz.mQNaO/FfaL4m6AKsKrZnWWyiwCWUq4W','Colton','Randall','2021-06-03','15','a8a97ea4-e43a-42dc-b407-fe5338d820ce',0,'🤡');
CREATE TABLE articles (
	articleID INTEGER NOT NULL PRIMARY KEY,
	title VARCHAR(100),
    publishDate DATE,
    lastEditDate DATE,
    bodyContentOrLinkToContent VARCHAR(100),
    authorID INTEGER,
    FOREIGN KEY (authorID) REFERENCES users (userID)
	);
INSERT INTO "articles" VALUES(1,'Work with Serko','2021-01-23','2021-05-27 22:39:37','

            Serko may be a technology company, but its core strength is its people. With around 250 employees (Serkodians) worldwide and aggressive growth ambitions, our culture reflects the diversity of our people centred around our core values.<div><br></div><div><div><span style="color: rgb(35, 31, 32); font-size: 20px;">Serko Values</span></div><div>&nbsp;</div><div><ol><li>Mastery<br>Serkodians continuously strive to become masters of what they do</li><li>Autonomy<br>Serkodians are able to work independently and make decisions for themselves</li><li>Teamwork<br>Serkodians work well with people not just in their own teams, but in teams across the organisation</li><li>Pasison<br>Serkodians are passionate about what they do and what Serko does</li><li>Integrity<br>Serkodians are honest, respectful of others, deliver on their commitments and make ethical business decisions</li><li>Family<br>Serkodians are valued as part of the Serko family and Serko recognises the importance of their families to them</li></ol></div>&nbsp;

            <div id="bodyHintText"></div>

        <div><br></div><div><div class="row-fluid-wrapper row-depth-1 row-number-4 " style="margin: 0px; padding: 0px; box-sizing: border-box; border: 0px; outline: 0px; text-align: center; background-color: rgb(255, 255, 255); font-size: 14px; font-family: Barlow, sans-serif; color: rgb(0, 0, 0);"><div class="row-fluid " style="margin: 0px; padding: 0px; box-sizing: border-box; border: 0px; outline: 0px; width: 893px;"><br></div></div><div class="row-fluid-wrapper row-depth-1 row-number-1 " style="margin: 0px; padding: 0px; box-sizing: border-box; border: 0px; outline: 0px; font-size: 14px; color: rgb(0, 0, 0); font-family: Barlow, sans-serif; text-align: center; background-color: rgb(255, 255, 255);"></div></div>

        </div>',7);
INSERT INTO "articles" VALUES(2,'Careers at Datacom','2021-06-16','2021-06-03 22:11:37','

                        <img src="userUploads/user_4/CareersHomepageAlternate-Hero-Image-1920x560px@2x.jpg" width="400"><br><br>    <div><h1>Smart minds create smart technology.</h1></div><div>Get more than just a career at Datacom. With us, you get an opportunity to be part of a community of innovators, explorers, and dreamers, and a chance to create your future and the future of technology.</div><div><br></div><div>As Australasia''s largest homegrown tech company, the IT systems we build and run are shaping the world and connecting people and technology like never before. We work across multiple industries, from&nbsp; to , to create diverse, cutting-edge, and sustainable solutions to help our customers better connect with theirs.</div><div><br></div><div>From&nbsp; to , we’re committed to developing, retaining, and promoting diverse talent. We want to help you grow your current skills and give you the opportunity to learn and develop brand new ones.</div><div><br></div><div>Be part of the Datacom community. Work with the best people of today to create the best IT of tomorrow.</div><div><br></div><div><h2><br></h2><h2>Our people. Our difference.</h2>A career at Datacom is more than just computers and technology. With offices across the globe and people from every background, Datacom is a community of diverse people, with imaginative ideas and inspirational stories. Explore the lives of just four of our people and see what inspires them to achieve their best work.<br></div><div><br></div><div><div><h2>Why Datacom?</h2><div><div>Behind every great IT company, there are greater people.</div><div>We celebrate equality, diversity, and achievement with our people from all corners of the world. We believe in hiring people who care just as much for each other as they do about their work.</div><div><br></div><div>Your career at Datacom, just like technology, has endless possibilities. From using next-generation technology to helping government agencies and multinational partners, no two projects will ever be the same. Flexible working, discounts, health and wellbeing offers, and social events are just some of the other benefits at Datacom.</div></div></div></div><div><br></div>            <div id="bodyHintText"></div>                

        ',3);
INSERT INTO "articles" VALUES(3,'Xero Values','2021-06-04','2021-06-04 00:36:33','                        <img src="./userUploads/user_4/XeroFuture.png" width="400"><br><br><div><div>&nbsp;<h1>Our values. What we believe in</h1></div><div><br></div><div><h2>Human</h2></div><div>Xeros are authentic, inclusive and really care.&nbsp;</div><div><br></div><div>We are kind and assume best intent. Inclusive, approachable and show empathy. Willing to be vulnerable, share&nbsp; fears, failures and learnings.</div><div><br></div><div>&nbsp;</div><div><br></div><div><h2>Challenge</h2></div><div>Xeros dream big, lead and embrace change.</div><div><br></div><div>We are curious and think big. Welcome challenging conversations and do it with respect. Lead and embrace change, seeking new and better ways.</div><div><br></div><div>&nbsp;</div><div><br></div><div><h2>Team</h2></div><div>Xeros are great team players.</div><div><br></div><div>We champion Xero’s purpose and priorities. Work together to do what’s best for Xero and our customers. Appreciate and celebrate each other and success.</div><div><br></div><div>&nbsp;</div><div><br></div><div>&nbsp;</div><div><br></div><div><h2>Ownership</h2></div><div>Xeros deliver on our commitments.</div><div><br></div><div>We do what we say we will do. Own our mistakes and take positive action. Move fast to get the right things done.</div><div><br></div><div>&nbsp;</div><div><br></div><div><h2>Beautiful</h2></div><div>Xeros create experiences that people love.</div><div><br></div><div>We create experiences that inspire and delight. Do high quality work. Go the extra mile.</div></div>            <div id="bodyHintText"></div>                        ',1);
INSERT INTO "articles" VALUES(4,'Discover Your Ideal Career In The Cloud','2021-06-04','2021-06-03 22:55:21','

            <img src="userUploads/user_4/SalesForce.png" width="400"><br><br>

    <div><h2></h2><h3>Why Salesforce?</h3></div><div>A career at Salesforce is more than just a job — it’s an opportunity to shape the future. Our company was built on a set of four core values which make that possible: trust, customer success, innovation, and equality. At Salesforce, we harness technologies that revolutionize careers, companies, and the world. Join us to discover a future of opportunities.</div><div>&nbsp;<h3>We’re better together.</h3></div><div>At Salesforce, we’re dedicated to building a workforce that reflects the diverse communities we serve and where everyone feels empowered to bring their full, authentic selves to work. Our values aren’t just words on a page — we learn to live them every day, measure our success, and continuously evolve. Together, we’re on a mission to improve the state of the world.&nbsp;</div><div>astro and einstein helping a candidate</div><div>&nbsp;</div><div><br></div><div><h3>Get taken care of.</h3></div><div>When you join Salesforce, you join a global family. And we take care of each other. Our incredible benefits protect and improve the lives of our employees and their families. They enhance everyday wellbeing, help you save for now and later, encourage you to take time off work, and provide amazing discounts.</div><div><br></div>

            <div id="bodyHintText"></div>

        

        ',2);
INSERT INTO "articles" VALUES(5,'for everyone - your next job at google','2021-06-04','2021-06-03 22:58:42','<div><br></div>            <div><h1 style="font-family: &quot;Google Sans Display&quot;, Arial, Helvetica, sans-serif; color: rgb(0, 0, 0); line-height: 1.2em; font-size: 3vw; box-sizing: border-box; margin: 0px auto; padding: 0px; font-weight: 400; text-rendering: optimizelegibility; -webkit-font-smoothing: antialiased; letter-spacing: -0.03125rem; width: 594.078px; text-align: center; background-color: rgb(255, 255, 255);">Our mission is to&nbsp;<span class="blue" style="color: rgb(66, 133, 244); box-sizing: border-box;">organise</span>&nbsp;the world’s&nbsp;<span class="red" style="color: rgb(234, 67, 53); box-sizing: border-box;">information</span>&nbsp;and make it&nbsp;<span class="green" style="color: rgb(52, 168, 83); box-sizing: border-box;">universally accessible</span>&nbsp;and&nbsp;<span class="yellow" style="color: rgb(249, 171, 0); box-sizing: border-box;">useful</span>.</h1></div><img src="userUploads/user_4/Google.png" width="400"><div><br></div><div><br><div><h1 style="box-sizing: border-box; font-size: 6vw; margin: 0px auto; padding: 0px; font-weight: 400; text-rendering: optimizelegibility; -webkit-font-smoothing: antialiased; font-family: &quot;Google Sans Display&quot;, Arial, Helvetica, sans-serif; letter-spacing: -0.03125rem; color: rgb(0, 0, 0); line-height: 1.2em; width: 594.078px; text-align: center; background-color: rgb(255, 255, 255);"><br></h1><div><div>Protecting users</div><div>Every day Google keeps billions of people safer online. We protect our users with industry-leading security, responsible data practices, and easy-to-use privacy controls.<br><br><div>Find your team</div><div>Together, we create access to information and build products for everyone. Want to be a Googler? Find your team.</div></div></div><div><br></div><div><br></div><div><br></div><div><br><br>                <div id="bodyHintText"></div>                </div></div></div>',8);
INSERT INTO "articles" VALUES(6,'Come work with me at IBM!','2021-06-04','2021-06-04 00:50:11','
            <img src="userUploads/user_19/IBMWatson.png" width="400"><br><br>
    <div class="FYwKg _6Gmbl_4" style="margin: 0px; padding: 20px 0px 0px; border: 0px; font-variant-numeric: inherit; font-variant-east-asian: inherit; font-stretch: inherit; line-height: inherit; vertical-align: baseline; box-sizing: inherit; -webkit-tap-highlight-color: transparent; background-color: rgb(255, 255, 255);"><h1 class="FYwKg C6ZIU_4 _3nVJR_4 _1H36Y_4 _2DNlq_4 _1NXQv_4" data-automation="job-detail-title" style="color: rgb(28, 28, 28); font-family: inherit; font-size: 28px; margin: 0px; padding: 0px; border: 0px; font-style: inherit; font-variant: inherit; font-weight: 500; font-stretch: inherit; line-height: 36px; vertical-align: baseline; box-sizing: inherit; -webkit-tap-highlight-color: transparent;">IBM Planning Analytics with Watson (TM1) Consultant</h1><div style="color: rgb(28, 28, 28); font-family: Roboto, &quot;Helvetica Neue&quot;, HelveticaNeue, Helvetica, Arial, sans-serif; font-size: 10px;"><br></div><div style=""><p style="color: rgb(28, 28, 28); font-family: Roboto, &quot;Helvetica Neue&quot;, HelveticaNeue, Helvetica, Arial, sans-serif; font-size: 16px; margin-top: 0px; padding: 0px; border: 0px; font-variant-numeric: inherit; font-variant-east-asian: inherit; font-stretch: inherit; line-height: inherit; vertical-align: baseline; box-sizing: border-box; -webkit-tap-highlight-color: transparent; -webkit-font-smoothing: antialiased; text-align: start;">CorPlan, a member of the Cortell Group of Companies, has recently been awarded the #1 Global IBM Data Analytics and AI Business Partner of the Year. As the only New Zealand company to win any award with IBM, we are seeking exceptional talent to join our growing family.</p><p style="color: rgb(28, 28, 28); font-family: Roboto, &quot;Helvetica Neue&quot;, HelveticaNeue, Helvetica, Arial, sans-serif; font-size: 16px; margin-top: 0px; padding: 0px; border: 0px; font-variant-numeric: inherit; font-variant-east-asian: inherit; font-stretch: inherit; line-height: inherit; vertical-align: baseline; box-sizing: border-box; -webkit-tap-highlight-color: transparent; -webkit-font-smoothing: antialiased; text-align: start;">Our growth is testament to our teams knowledge, capability and professionalism, and we would like you to be part of the experience. We are looking for consultants across all skill levels and experience with IBM Planning Analytics (TM1) - from Junior to Senior Consultants.</p><p style="color: rgb(28, 28, 28); font-family: Roboto, &quot;Helvetica Neue&quot;, HelveticaNeue, Helvetica, Arial, sans-serif; font-size: 16px; margin-top: 0px; padding: 0px; border: 0px; font-variant-numeric: inherit; font-variant-east-asian: inherit; font-stretch: inherit; line-height: inherit; vertical-align: baseline; box-sizing: border-box; -webkit-tap-highlight-color: transparent; -webkit-font-smoothing: antialiased; text-align: start;">We are also looking for consultants who would like to move and develop their skills from other Performance Management platforms.</p><p style="color: rgb(28, 28, 28); font-family: Roboto, &quot;Helvetica Neue&quot;, HelveticaNeue, Helvetica, Arial, sans-serif; font-size: 16px; margin-top: 0px; padding: 0px; border: 0px; font-variant-numeric: inherit; font-variant-east-asian: inherit; font-stretch: inherit; line-height: inherit; vertical-align: baseline; box-sizing: border-box; -webkit-tap-highlight-color: transparent; -webkit-font-smoothing: antialiased; text-align: start;">We are focused on developing our people through training, education and enablement. So even if you don''t have “Senior” experience and skills, feel free to apply - we want to invest in our team, and you may still be a suitable candidate for the roles we have open.</p><p style="color: rgb(28, 28, 28); font-family: Roboto, &quot;Helvetica Neue&quot;, HelveticaNeue, Helvetica, Arial, sans-serif; font-size: 16px; margin-top: 0px; padding: 0px; border: 0px; font-variant-numeric: inherit; font-variant-east-asian: inherit; font-stretch: inherit; line-height: inherit; vertical-align: baseline; box-sizing: border-box; -webkit-tap-highlight-color: transparent; -webkit-font-smoothing: antialiased; text-align: start;">By joining our team, you will have the opportunity to work with the best IBM Planning Analytics consultants in AsiaPac, the most interesting and diverse clients across every industry, and be supported and mentored by our leaders.</p><p style="color: rgb(28, 28, 28); font-family: Roboto, &quot;Helvetica Neue&quot;, HelveticaNeue, Helvetica, Arial, sans-serif; font-size: 16px; margin-top: 0px; padding: 0px; border: 0px; font-variant-numeric: inherit; font-variant-east-asian: inherit; font-stretch: inherit; line-height: inherit; vertical-align: baseline; box-sizing: border-box; -webkit-tap-highlight-color: transparent; -webkit-font-smoothing: antialiased; text-align: start;">So,<a href="https://www.seek.co.nz/job/52357997/apply"> if you are interested in exploring this opportunity further, please reach out and let''s have a chat</a>.</p><p style="margin-top: 0px; padding: 0px; border: 0px; font-variant-numeric: inherit; font-variant-east-asian: inherit; font-stretch: inherit; line-height: inherit; vertical-align: baseline; box-sizing: border-box; -webkit-tap-highlight-color: transparent; -webkit-font-smoothing: antialiased; text-align: start;"><br></p></div></div><div class="FYwKg _6Gmbl_4" style="margin: 0px; padding: 20px 0px 0px; border: 0px; font-variant-numeric: inherit; font-variant-east-asian: inherit; font-stretch: inherit; font-size: 10px; line-height: inherit; font-family: Roboto, &quot;Helvetica Neue&quot;, HelveticaNeue, Helvetica, Arial, sans-serif; vertical-align: baseline; box-sizing: inherit; -webkit-tap-highlight-color: transparent; color: rgb(28, 28, 28); background-color: rgb(255, 255, 255);"><div class="FYwKg d7v3r UJoTY_4 _1xj6f_4" style="margin: 0px; padding: 1px 0px 0px; border: 0px; font: inherit; vertical-align: baseline; box-sizing: inherit; -webkit-tap-highlight-color: transparent;"><div class="FYwKg _3ftyQ _1IztI _1q9J3 _3O7rA _39RM4_4 _23eX4_4" style="margin: 0px 0px 0px -12px; padding: 0px; border: 0px; font: inherit; vertical-align: baseline; box-sizing: inherit; -webkit-tap-highlight-color: transparent; display: flex; align-items: center; flex-flow: row wrap;"><div class="FYwKg _1uk_1 _1WMOl_4 _345RP_4 r4lkh_4 _2clZw_4 _2Bz3E rNAgI" style="margin: 12px 0px 0px 12px; padding: 0px; border: 0px; font: inherit; vertical-align: baseline; box-sizing: inherit; -webkit-tap-highlight-color: transparent; justify-content: flex-start; min-width: 0px;"></div></div></div></div>
            <div id="bodyHintText"></div>
        
        ',19);
INSERT INTO "articles" VALUES(7,'Good at Guessing? We need you!!','2021-06-04','2021-06-04 01:02:28','<br>
    <div><h2>Life at PredictHQ</h2><h2><img src="http://35.189.17.116:8080/userUploads/user_20/PredictHQ.jpg" width="400"></h2></div><div>PredictHQ is a special place to work. You''ll be a part of a team that has worked at NASA, Salesforce, LinkedIn, Square and many more. We embrace adversity and diversity, and love working together to solve complex challenges.<br></div><div><br></div><div>Check out our team at:&nbsp;https://www.predicthq.com/company</div><div><br></div><div>If you''re ready to sign up you can apply here:&nbsp;https://www.predicthq.com/careers#positions</div><div><br></div>
            <div id="bodyHintText"></div>
        
        ',20);
INSERT INTO "articles" VALUES(8,'Come fight crime with Emsisoft!','2021-06-04','2021-06-04 02:01:36','<div><br></div><div><h1 class="Hero__heading" style="box-sizing: inherit; margin: 0px 0px 10px; padding: 0px; border: 0px; font-size: 48px; vertical-align: baseline; background: rgb(255, 255, 255); font-family: &quot;HK Grotesk&quot;, sans-serif; line-height: 1.2; color: rgb(43, 52, 56); text-shadow: rgba(255, 255, 255, 0.8) 0px 0px 3px;">Join Emsisoft</h1><h2 class="Hero__subheading" style="box-sizing: inherit; margin: 0px auto 40px; padding: 0px; border: 0px; font-size: 27px; font-weight: 400; vertical-align: baseline; background: rgb(255, 255, 255); font-family: &quot;Segoe UI&quot;, &quot;Segoe UI E&quot;, -apple-system, BlinkMacSystemFont, Roboto, Oxygen, Ubuntu, Cantarell, &quot;Fira Sans&quot;, &quot;Droid Sans&quot;, &quot;Helvetica Neue&quot;, sans-serif; line-height: 1.3; color: rgb(88, 103, 107); text-shadow: rgba(255, 255, 255, 0.8) 0px 0px 3px;">A truly global company</h2><div class="content-after" style="box-sizing: inherit; margin: 0px; padding: 0px; border: 0px; font-size: 17px; vertical-align: baseline; background: rgb(255, 255, 255); color: rgb(88, 103, 107); font-family: &quot;Segoe UI&quot;, &quot;Segoe UI E&quot;, -apple-system, BlinkMacSystemFont, Roboto, Oxygen, Ubuntu, Cantarell, &quot;Fira Sans&quot;, &quot;Droid Sans&quot;, &quot;Helvetica Neue&quot;, sans-serif;"><p style="box-sizing: inherit; margin-top: 0px; margin-bottom: 0px; padding: 0px; border: 0px; font-size: 17px; vertical-align: baseline; background: transparent;">Emsisoft is based in New Zealand, but our reach is global. Our team is composed of the most dedicated and talented people for the job, working in all corners of the world. We at Emsisoft don’t know physical or cultural boundaries. We are all part of a diverse group of experts that create the best possible malware protection software for all.</p><p style="box-sizing: inherit; margin-top: 0px; margin-bottom: 0px; padding: 0px; border: 0px; font-size: 17px; vertical-align: baseline; background: transparent;"><br></p><h3 style="box-sizing: inherit; margin: 0px 0px 15px; padding: 0px; border: 0px; font-size: 26px; vertical-align: baseline; background-image: initial; background-position: initial; background-size: initial; background-repeat: initial; background-attachment: initial; background-origin: initial; background-clip: initial; font-family: &quot;HK Grotesk&quot;, sans-serif; line-height: 1; color: rgb(88, 103, 107);">Benefits of working at Emsisoft</h3><p style="box-sizing: inherit; margin-top: 0px; margin-bottom: 0px; padding: 0px; border: 0px; font-size: 17px; vertical-align: baseline; background-image: initial; background-position: initial; background-size: initial; background-repeat: initial; background-attachment: initial; background-origin: initial; background-clip: initial; color: rgb(105, 120, 125); line-height: 1.3; font-family: &quot;Segoe UI&quot;, &quot;Segoe UI E&quot;, -apple-system, BlinkMacSystemFont, Roboto, Oxygen, Ubuntu, Cantarell, &quot;Fira Sans&quot;, &quot;Droid Sans&quot;, &quot;Helvetica Neue&quot;, sans-serif; text-align: start;"></p><ul class="Page__list" style="box-sizing: inherit; margin: 0px 0px 0px 31px; padding: 0px; border: 0px; vertical-align: baseline; background-image: initial; background-position: initial; background-size: initial; background-repeat: initial; background-attachment: initial; background-origin: initial; background-clip: initial; list-style-position: initial; list-style-image: initial; color: rgb(88, 103, 107); font-family: &quot;Segoe UI&quot;, &quot;Segoe UI E&quot;, -apple-system, BlinkMacSystemFont, Roboto, Oxygen, Ubuntu, Cantarell, &quot;Fira Sans&quot;, &quot;Droid Sans&quot;, &quot;Helvetica Neue&quot;, sans-serif;"><li style="box-sizing: inherit; margin: 0px 0px 0.5em; padding: 0px; border: 0px; font-size: 17px; vertical-align: baseline; background: transparent; position: relative;"><i style="box-sizing: inherit; margin: 0px; padding: 0px; border: 0px; vertical-align: baseline; background: transparent;">Flexible work hours</i>&nbsp;– whatever time suits you best.</li><li style="box-sizing: inherit; margin: 0px 0px 0.5em; padding: 0px; border: 0px; font-size: 17px; vertical-align: baseline; background: transparent; position: relative;"><i style="box-sizing: inherit; margin: 0px; padding: 0px; border: 0px; vertical-align: baseline; background: transparent;">Multicultural environment</i>&nbsp;– international collaboration.</li><li style="box-sizing: inherit; margin: 0px 0px 0.5em; padding: 0px; border: 0px; font-size: 17px; vertical-align: baseline; background: transparent; position: relative;"><i style="box-sizing: inherit; margin: 0px; padding: 0px; border: 0px; vertical-align: baseline; background: transparent;">Do something good</i>&nbsp;– fight the bad boys and their online threats.</li><li style="box-sizing: inherit; margin: 0px; padding: 0px; border: 0px; font-size: 17px; vertical-align: baseline; background: transparent; position: relative;"><i style="box-sizing: inherit; margin: 0px; padding: 0px; border: 0px; vertical-align: baseline; background: transparent;">Company ethics</i>&nbsp;– we don’t do things just for the money.</li></ul><div><br></div><div><br></div><div><h3 style="box-sizing: inherit; margin: 0px 0px 15px; padding: 0px; border: 0px; font-size: 26px; vertical-align: baseline; background-image: initial; background-position: initial; background-size: initial; background-repeat: initial; background-attachment: initial; background-origin: initial; background-clip: initial; font-family: &quot;HK Grotesk&quot;, sans-serif; line-height: 1; color: rgb(88, 103, 107);">Before you apply</h3><p style="box-sizing: inherit; margin-top: 0px; margin-bottom: 0px; padding: 0px; border: 0px; font-size: 17px; vertical-align: baseline; background-image: initial; background-position: initial; background-size: initial; background-repeat: initial; background-attachment: initial; background-origin: initial; background-clip: initial; color: rgb(105, 120, 125); line-height: 1.3; font-family: &quot;Segoe UI&quot;, &quot;Segoe UI E&quot;, -apple-system, BlinkMacSystemFont, Roboto, Oxygen, Ubuntu, Cantarell, &quot;Fira Sans&quot;, &quot;Droid Sans&quot;, &quot;Helvetica Neue&quot;, sans-serif; text-align: start;"></p><ul class="Page__list" style="box-sizing: inherit; margin: 0px 0px 0px 31px; padding: 0px; border: 0px; vertical-align: baseline; background-image: initial; background-position: initial; background-size: initial; background-repeat: initial; background-attachment: initial; background-origin: initial; background-clip: initial; list-style-position: initial; list-style-image: initial; color: rgb(88, 103, 107); font-family: &quot;Segoe UI&quot;, &quot;Segoe UI E&quot;, -apple-system, BlinkMacSystemFont, Roboto, Oxygen, Ubuntu, Cantarell, &quot;Fira Sans&quot;, &quot;Droid Sans&quot;, &quot;Helvetica Neue&quot;, sans-serif;"><li style="box-sizing: inherit; margin: 0px 0px 0.5em; padding: 0px; border: 0px; font-size: 17px; vertical-align: baseline; background: transparent; position: relative;">Check out&nbsp;<a href="https://www.emsisoft.com/en/company/about/" target="_blank" style="box-sizing: inherit; margin: 0px; padding: 0px; vertical-align: baseline; background: transparent; color: rgb(25, 133, 198); cursor: pointer; transition: none 86ms ease-out 0s;">our company vision</a></li><li style="box-sizing: inherit; margin: 0px 0px 0.5em; padding: 0px; border: 0px; font-size: 17px; vertical-align: baseline; background: transparent; position: relative;">Check out&nbsp;<a href="https://blog.emsisoft.com/" target="_blank" style="box-sizing: inherit; margin: 0px; padding: 0px; vertical-align: baseline; background: transparent; color: rgb(25, 133, 198); cursor: pointer; transition: none 86ms ease-out 0s;">what’s happening right now</a></li><li style="box-sizing: inherit; margin: 0px; padding: 0px; border: 0px; font-size: 17px; vertical-align: baseline; background: transparent; position: relative;">Check out&nbsp;<a href="https://blog.emsisoft.com/en/category/emsisoft-news/reviews-awards/" target="_blank" style="box-sizing: inherit; margin: 0px; padding: 0px; vertical-align: baseline; background: transparent; color: rgb(25, 133, 198); cursor: pointer; transition: none 86ms ease-out 0s;">how our products perform</a></li></ul><div><br></div></div><div><h3 style="box-sizing: inherit; margin: 0px 0px 15px; padding: 0px; border: 0px; font-size: 26px; vertical-align: baseline; background-image: initial; background-position: initial; background-size: initial; background-repeat: initial; background-attachment: initial; background-origin: initial; background-clip: initial; font-family: &quot;HK Grotesk&quot;, sans-serif; line-height: 1; color: rgb(88, 103, 107);">Open positions</h3><p style="box-sizing: inherit; margin-top: 0px; margin-bottom: 0px; padding: 0px; border: 0px; font-size: 17px; vertical-align: baseline; background-image: initial; background-position: initial; background-size: initial; background-repeat: initial; background-attachment: initial; background-origin: initial; background-clip: initial; color: rgb(105, 120, 125); line-height: 1.3; font-family: &quot;Segoe UI&quot;, &quot;Segoe UI E&quot;, -apple-system, BlinkMacSystemFont, Roboto, Oxygen, Ubuntu, Cantarell, &quot;Fira Sans&quot;, &quot;Droid Sans&quot;, &quot;Helvetica Neue&quot;, sans-serif; text-align: start;"></p><ul class="Page__list" style="box-sizing: inherit; margin: 0px 0px 0px 31px; padding: 0px; border: 0px; vertical-align: baseline; background-image: initial; background-position: initial; background-size: initial; background-repeat: initial; background-attachment: initial; background-origin: initial; background-clip: initial; list-style-position: initial; list-style-image: initial; color: rgb(88, 103, 107); font-family: &quot;Segoe UI&quot;, &quot;Segoe UI E&quot;, -apple-system, BlinkMacSystemFont, Roboto, Oxygen, Ubuntu, Cantarell, &quot;Fira Sans&quot;, &quot;Droid Sans&quot;, &quot;Helvetica Neue&quot;, sans-serif;"><li style="box-sizing: inherit; margin: 0px 0px 0.5em; padding: 0px; border: 0px; font-size: 17px; vertical-align: baseline; background: transparent; position: relative;"><a href="https://angel.co/company/emsisoft/jobs/732033-cybersecurity-sales-development-saas-remote" target="_blank" style="box-sizing: inherit; margin: 0px; padding: 0px; vertical-align: baseline; background: transparent; color: rgb(25, 133, 198); cursor: pointer; transition: none 86ms ease-out 0s;">Cybersecurity Sales Development – SaaS/Remote</a><br style="box-sizing: inherit;"></li><li style="box-sizing: inherit; margin: 0px 0px 0.5em; padding: 0px; border: 0px; font-size: 17px; vertical-align: baseline; background: transparent; position: relative;"><a href="https://angel.co/company/emsisoft/jobs/725176-growth-marketer-concept-copy-layout-design-conversion-antivirus-anti-malware" target="_blank" style="box-sizing: inherit; margin: 0px; padding: 0px; vertical-align: baseline; background: transparent; color: rgb(25, 133, 198); cursor: pointer; transition: none 86ms ease-out 0s;">Cybersecurity Growth Marketer – SaaS/Remote</a><br style="box-sizing: inherit;"></li><li style="box-sizing: inherit; margin: 0px; padding: 0px; border: 0px; font-size: 17px; vertical-align: baseline; background: transparent; position: relative;"><a href="https://angel.co/company/emsisoft/jobs/1263356-cybersecurity-product-evangelist-presenter-and-educator-saas-remote" target="_blank" style="box-sizing: inherit; margin: 0px; padding: 0px; vertical-align: baseline; background: transparent; color: rgb(25, 133, 198); cursor: pointer; transition: none 86ms ease-out 0s;">Cybersecurity Product Evangelist, Presenter &amp; Educator – SaaS/Remote</a></li></ul></div></div></div>
            <div><br></div><img src="userUploads/user_21/Nelson.jpg" width="400"><br><br>
    <div>Emsisoft is based in New Zealand, but our reach is global. Our team is composed of the most dedicated and talented people for the job, working in all corners of the world. We at Emsisoft don’t know physical or cultural boundaries. We are all part of a diverse group of experts that create the best possible malware protection software for all.</div><div><br></div>
            <div id="bodyHintText"></div>
        
        ',21);
INSERT INTO "articles" VALUES(9,'Make Content People See','2021-06-05','2021-06-04 02:14:00','
            Working at Google is great! Check it out in this video:<div id="bodyHintText"></div>        <div><br></div><div><br></div><iframe width="560" height="315" src="https://www.youtube.com/embed/n_Cn8eFo7u8" title="YouTube video player" frameborder="0" allow="accelerometer; autoplay; clipboard-write; encrypted-media; gyroscope; picture-in-picture" allowfullscreen=""></iframe>
        ',22);
CREATE TABLE comments (
	commentID INTEGER NOT NULL PRIMARY KEY,
	commentDate TIMESTAMP DEFAULT CURRENT_TIMESTAMP,
    commentText TEXT,
    commentLevel INTEGER DEFAULT 0, 
    parentComment INTEGER DEFAULT null,
    authorID INTEGER NOT NULL,
    parentArticleID INTEGER NOT NULL,
    FOREIGN KEY (authorID) REFERENCES users (userID),
    FOREIGN KEY (parentArticleID) REFERENCES articles (articleID)
	);
INSERT INTO "comments" VALUES(1,'2021-06-01 23:10:09','[User Have Deleted This Comment]',0,0,4,1);
INSERT INTO "comments" VALUES(2,'2021-06-03 23:01:29','Eh, you''re just trying to copy me!',0,0,9,4);
INSERT INTO "comments" VALUES(3,'2021-06-03 23:01:48','No we''re not! We''re totally our own thing :)',1,2,2,4);
INSERT INTO "comments" VALUES(4,'2021-06-03 23:01:58','How secure are your passwords?',0,0,4,4);
INSERT INTO "comments" VALUES(5,'2021-06-03 23:06:11','So how''s that do no evil thing working out?',0,0,1,5);
INSERT INTO "comments" VALUES(6,'2021-06-03 23:06:24','No evil to see here!',1,5,8,5);
INSERT INTO "comments" VALUES(7,'2021-06-03 23:06:41','What about those emails to evil corp?',2,6,4,5);
INSERT INTO "comments" VALUES(8,'2021-06-03 23:06:51','How are you reading my emails!?!',2,6,8,5);
INSERT INTO "comments" VALUES(9,'2021-06-04 00:31:40','datacomDude? Hahaha',0,0,18,2);
INSERT INTO "comments" VALUES(10,'2021-06-04 00:51:05','Does Xero employ robots too?',0,0,19,1);
INSERT INTO "comments" VALUES(11,'2021-06-04 00:51:24','Hello Yiwei!!',1,9,16,2);
INSERT INTO "comments" VALUES(12,'2021-06-04 00:51:52','I think I can help you solve problems! Talk to my friends at IBM if you can borrow me :)',0,0,19,1);
INSERT INTO "comments" VALUES(13,'2021-06-04 00:51:58','Have you applied to Datacom Graduate role yet?',1,9,16,2);
INSERT INTO "comments" VALUES(14,'2021-06-04 00:52:42','Hello Allie!',2,11,18,2);
INSERT INTO "comments" VALUES(15,'2021-06-04 01:03:00','We can help! We''re great at making predictions.',1,5,20,5);
INSERT INTO "comments" VALUES(16,'2021-06-04 02:39:27','What a great username!',1,9,18,2);
INSERT INTO "comments" VALUES(17,'2021-06-04 02:41:39','[User Have Deleted This Comment]',0,0,23,2);
INSERT INTO "comments" VALUES(18,'2021-06-04 02:42:13','Amazing site, amazing comment functions',1,17,23,2);
INSERT INTO "comments" VALUES(19,'2021-06-04 02:44:21','I want to work there!',0,0,24,2);
INSERT INTO "comments" VALUES(20,'2021-06-04 02:47:39','Nice!',0,0,26,2);
INSERT INTO "comments" VALUES(21,'2021-06-04 02:48:53','[User Have Deleted This Comment]',0,0,25,2);
INSERT INTO "comments" VALUES(22,'2021-06-04 02:51:05','😍😍😍😍🔥🔥🔥🔥🔥',0,0,28,2);
INSERT INTO "comments" VALUES(23,'2021-06-04 02:53:55','Same ',1,19,27,2);
CREATE TABLE votes (
	userID INTEGER NOT NULL,
	commentID INTEGER NOT NULL,
	voteValue INTEGER,
	PRIMARY KEY (userID,commentID),
    FOREIGN KEY (userID) REFERENCES users (userID),
	FOREIGN KEY (commentID) REFERENCES comments (commentID)
	);
INSERT INTO "votes" VALUES(1,1,1);
INSERT INTO "votes" VALUES(18,9,1);
INSERT INTO "votes" VALUES(18,4,-1);
INSERT INTO "votes" VALUES(18,1,1);
INSERT INTO "votes" VALUES(20,5,1);
INSERT INTO "votes" VALUES(20,6,-1);
INSERT INTO "votes" VALUES(20,7,1);
INSERT INTO "votes" VALUES(20,8,-1);
INSERT INTO "votes" VALUES(23,14,1);
INSERT INTO "votes" VALUES(23,9,1);
INSERT INTO "votes" VALUES(23,18,1);
INSERT INTO "votes" VALUES(24,17,-1);
INSERT INTO "votes" VALUES(16,17,1);
INSERT INTO "votes" VALUES(16,18,1);
INSERT INTO "votes" VALUES(26,19,1);
INSERT INTO "votes" VALUES(26,20,1);
INSERT INTO "votes" VALUES(26,17,-1);
INSERT INTO "votes" VALUES(26,9,1);
INSERT INTO "votes" VALUES(27,18,1);
INSERT INTO "votes" VALUES(27,19,-1);
INSERT INTO "votes" VALUES(28,22,1);
INSERT INTO "votes" VALUES(16,20,1);
INSERT INTO "votes" VALUES(16,21,-1);
INSERT INTO "votes" VALUES(16,22,1);
INSERT INTO "votes" VALUES(16,9,1);
INSERT INTO "votes" VALUES(16,16,1);
CREATE TABLE articleVotes (
	userID INTEGER NOT NULL,
	articleID INTEGER NOT NULL,
	voteValue INTEGER,
	PRIMARY KEY (userID, articleID),
    FOREIGN KEY (userID) REFERENCES users (userID),
	FOREIGN KEY (articleID) REFERENCES articles (articleID)
	);
COMMIT;
